ts,src,ch,name,unit,val
1769778124.6918125,ADC2,0,bus_voltage,V,10.071
1769778124.742556,ADC1,0,servo_1,A,1.887
1769778124.7929544,ADC1,0,servo_1,A,2.085
1769778124.8434365,ADC1,0,servo_1,A,2.224
1769778124.894035,ADC1,0,servo_1,A,0.261
1769778124.9444168,THERM,0,motor_temp,C,46.923
1769778124.9950774,ADC2,0,bus_voltage,V,12.257
1769778125.0457838,ADC1,1,servo_2,A,2.034
1769778125.095974,THERM,0,motor_temp,C,60.687
1769778125.1463747,ADC1,0,servo_1,A,1.966
1769778125.1967585,ADC1,0,servo_1,A,2.033
1769778125.2470586,ADC1,1,servo_2,A,1.835
1769778125.2975621,ADC2,0,bus_voltage,V,12.334
1769778125.348193,ADC1,1,servo_2,A,0.402
1769778125.3987267,ADC1,1,servo_2,A,1.801
1769778125.4489634,ADC1,1,servo_2,A,1.87
1769778125.499469,ADC1,0,servo_1,A,1.576
1769778125.5498703,ADC1,0,servo_1,A,0.445
1769778125.6001792,THERM,0,motor_temp,C,52.916
1769778125.6508818,ADC1,1,servo_2,A,1.763
1769778125.701128,ADC1,1,servo_2,A,1.334
1769778125.751637,THERM,0,motor_temp,C,54.578
1769778125.8020508,ADC1,1,servo_2,A,2.266
1769778125.8524559,ADC1,0,servo_1,A,1.483
1769778125.9028146,ADC2,0,bus_voltage,V,12.496
1769778125.9532714,ADC1,1,servo_2,A,0.617
1769778126.0038981,ADC1,0,servo_1,A,1.256
1769778126.0544655,THERM,0,motor_temp,C,56.503
1769778126.1049194,ADC2,0,bus_voltage,V,11.352
1769778126.1555245,ADC1,1,servo_2,A,1.298
1769778126.205898,ADC1,0,servo_1,A,1.724
1769778126.2564993,THERM,0,motor_temp,C,53.881
1769778126.3071606,ADC1,0,servo_1,A,0.676
1769778126.3573928,ADC1,1,servo_2,A,1.507
1769778126.4080353,ADC2,0,bus_voltage,V,10.794
1769778126.4584844,THERM,0,motor_temp,C,41.542
1769778126.5088713,ADC1,1,servo_2,A,0.676
1769778126.5592663,ADC2,0,bus_voltage,V,12.502
1769778126.6097133,ADC1,0,servo_1,A,0.253
1769778126.660359,ADC1,0,servo_1,A,1.125
1769778126.7105324,ADC1,1,servo_2,A,2.124
1769778126.7608929,ADC2,0,bus_voltage,V,11.056
1769778126.8113694,ADC2,0,bus_voltage,V,10.872
1769778126.861783,ADC2,0,bus_voltage,V,10.337
1769778126.9120886,ADC2,0,bus_voltage,V,12.112
1769778126.9624758,ADC1,0,servo_1,A,0.724
1769778127.013078,ADC1,1,servo_2,A,2.304
1769778127.0633905,ADC1,1,servo_2,A,2.401
1769778127.1139576,ADC1,1,servo_2,A,2.221
1769778127.1643417,ADC2,0,bus_voltage,V,11.059
1769778127.2148407,THERM,0,motor_temp,C,50.481
1769778127.2650678,ADC1,1,servo_2,A,1.491
1769778127.315844,ADC2,0,bus_voltage,V,10.659
1769778127.3662028,THERM,0,motor_temp,C,28.227
1769778127.4168303,THERM,0,motor_temp,C,25.097
1769778127.467116,ADC1,0,servo_1,A,1.455
1769778127.5176406,ADC1,1,servo_2,A,0.773
1769778127.567952,ADC1,0,servo_1,A,2.154
1769778127.6184793,ADC2,0,bus_voltage,V,11.735
1769778127.6690547,ADC2,0,bus_voltage,V,12.547
1769778127.7194486,ADC1,1,servo_2,A,0.795
1769778127.7699401,ADC2,0,bus_voltage,V,10.485
1769778127.8202806,THERM,0,motor_temp,C,48.785
1769778127.870931,ADC2,0,bus_voltage,V,12.388
1769778127.9212446,ADC1,0,servo_1,A,1.176
1769778127.9719396,THERM,0,motor_temp,C,50.415
1769778128.022304,THERM,0,motor_temp,C,25.868
1769778128.072973,ADC1,0,servo_1,A,1.588
1769778128.1236923,ADC2,0,bus_voltage,V,10.238
1769778128.1739624,ADC1,0,servo_1,A,0.282
1769778128.224223,ADC1,1,servo_2,A,1.561
1769778128.2744505,ADC1,1,servo_2,A,2.257
1769778128.3248928,THERM,0,motor_temp,C,51.131
1769778128.3756735,ADC2,0,bus_voltage,V,12.438
1769778128.4261622,ADC1,1,servo_2,A,0.721
1769778128.4766538,ADC1,1,servo_2,A,1.852
1769778128.5271053,THERM,0,motor_temp,C,58.487
1769778128.5777175,ADC2,0,bus_voltage,V,10.812
1769778128.6281784,ADC1,1,servo_2,A,2.291
1769778128.6784782,THERM,0,motor_temp,C,57.573
1769778128.729135,THERM,0,motor_temp,C,40.885
1769778128.7794404,ADC2,0,bus_voltage,V,10.774
1769778128.829672,ADC1,1,servo_2,A,0.591
1769778128.8802192,ADC2,0,bus_voltage,V,12.465
1769778128.930837,THERM,0,motor_temp,C,41.623
1769778128.9815145,ADC1,1,servo_2,A,2.192
1769778129.0318086,ADC1,0,servo_1,A,0.255
1769778129.082303,ADC1,1,servo_2,A,0.723
1769778129.1328309,ADC2,0,bus_voltage,V,10.528
1769778129.1832774,ADC1,0,servo_1,A,1.442
1769778129.233439,ADC1,0,servo_1,A,1.693
1769778129.2840025,ADC1,1,servo_2,A,1.815
1769778129.3344274,ADC1,1,servo_2,A,1.091
1769778129.385136,ADC2,0,bus_voltage,V,12.483
1769778129.435345,ADC1,0,servo_1,A,0.273
1769778129.4857275,THERM,0,motor_temp,C,60.121
1769778129.536063,ADC1,0,servo_1,A,2.267
1769778129.5866039,ADC1,1,servo_2,A,2.234
1769778129.6370647,ADC1,0,servo_1,A,1.455
1769778129.6874113,ADC2,0,bus_voltage,V,12.563
1769778129.737913,ADC2,0,bus_voltage,V,10.555
1769778129.788186,ADC1,1,servo_2,A,2.17
1769778129.8385549,ADC1,0,servo_1,A,1.232
1769778129.8889937,ADC1,1,servo_2,A,0.96
1769778129.939651,ADC1,0,servo_1,A,2.058
1769778129.9898686,ADC2,0,bus_voltage,V,11.996
1769778130.0404205,ADC2,0,bus_voltage,V,10.359
1769778130.0908775,ADC1,0,servo_1,A,1.111
1769778130.1412363,ADC2,0,bus_voltage,V,12.0
1769778130.1918855,ADC1,1,servo_2,A,0.565
1769778130.2428186,ADC1,0,servo_1,A,2.33
1769778130.293476,THERM,0,motor_temp,C,58.212
1769778130.3442035,ADC1,0,servo_1,A,1.294
1769778130.3948014,ADC1,0,servo_1,A,0.263
1769778130.4451725,THERM,0,motor_temp,C,68.183
1769778130.4956908,ADC1,1,servo_2,A,0.733
1769778130.545992,ADC1,0,servo_1,A,0.21
1769778130.5966935,ADC1,1,servo_2,A,1.747
1769778130.6470933,ADC1,0,servo_1,A,2.237
1769778130.6976378,THERM,0,motor_temp,C,64.372
1769778130.7483263,ADC1,0,servo_1,A,0.203
1769778130.7991068,THERM,0,motor_temp,C,30.917
1769778130.8493292,THERM,0,motor_temp,C,39.438
1769778130.8997386,THERM,0,motor_temp,C,40.891
1769778130.9499428,ADC1,0,servo_1,A,0.798
1769778131.0001998,ADC1,1,servo_2,A,0.327
1769778131.050494,THERM,0,motor_temp,C,56.414
1769778131.1011508,ADC1,1,servo_2,A,0.356
1769778131.151802,THERM,0,motor_temp,C,58.802
1769778131.2024546,THERM,0,motor_temp,C,29.267
1769778131.2530332,THERM,0,motor_temp,C,54.471
1769778131.3035095,ADC1,0,servo_1,A,2.146
1769778131.35387,ADC2,0,bus_voltage,V,10.768
1769778131.4045079,THERM,0,motor_temp,C,44.207
1769778131.455131,ADC1,1,servo_2,A,0.854
1769778131.505755,ADC2,0,bus_voltage,V,10.124
1769778131.5563035,THERM,0,motor_temp,C,45.81
1769778131.6069906,ADC1,1,servo_2,A,0.932
1769778131.6574075,ADC1,1,servo_2,A,1.503
1769778131.7077916,ADC2,0,bus_voltage,V,10.655
1769778131.7582612,ADC2,0,bus_voltage,V,12.302
1769778131.8086605,THERM,0,motor_temp,C,58.596
1769778131.8592026,ADC1,1,servo_2,A,2.461
1769778131.9096966,ADC1,1,servo_2,A,2.448
1769778131.9601142,ADC1,0,servo_1,A,2.0
1769778132.0104802,ADC1,0,servo_1,A,1.085
1769778132.0610204,THERM,0,motor_temp,C,60.828
1769778132.1113517,ADC1,0,servo_1,A,1.055
1769778132.1620672,THERM,0,motor_temp,C,46.72
1769778132.2126758,ADC2,0,bus_voltage,V,12.058
1769778132.2631547,THERM,0,motor_temp,C,39.032
1769778132.3138149,ADC2,0,bus_voltage,V,12.251
1769778132.3640285,ADC1,1,servo_2,A,0.643
1769778132.4142926,THERM,0,motor_temp,C,30.914
1769778132.4645233,THERM,0,motor_temp,C,42.286
1769778132.515061,ADC1,1,servo_2,A,0.723
1769778132.5654285,ADC1,1,servo_2,A,0.981
1769778132.6160283,ADC1,0,servo_1,A,1.192
1769778132.6664755,ADC1,1,servo_2,A,1.124
1769778132.7171628,ADC2,0,bus_voltage,V,10.353
1769778132.7675996,ADC1,0,servo_1,A,0.79
1769778132.8180416,ADC1,0,servo_1,A,1.725
1769778132.8685274,ADC1,0,servo_1,A,2.406
1769778132.9189608,THERM,0,motor_temp,C,64.326
1769778132.9695365,ADC1,0,servo_1,A,2.08
1769778133.020125,ADC1,0,servo_1,A,1.816
1769778133.0705473,THERM,0,motor_temp,C,31.494
1769778133.1211777,ADC1,0,servo_1,A,1.871
1769778133.1717794,ADC1,0,servo_1,A,0.614
1769778133.2222233,THERM,0,motor_temp,C,65.033
1769778133.2729485,ADC2,0,bus_voltage,V,10.557
1769778133.323643,ADC1,0,servo_1,A,1.904
1769778133.374064,ADC2,0,bus_voltage,V,10.988
1769778133.4247522,ADC2,0,bus_voltage,V,10.267
1769778133.4752886,ADC2,0,bus_voltage,V,10.569
1769778133.5258818,THERM,0,motor_temp,C,32.701
1769778133.5762258,ADC2,0,bus_voltage,V,11.84
1769778133.6266313,THERM,0,motor_temp,C,39.267
1769778133.6770787,THERM,0,motor_temp,C,52.625
1769778133.727507,ADC1,1,servo_2,A,0.346
1769778133.7779546,ADC2,0,bus_voltage,V,10.413
1769778133.828369,ADC2,0,bus_voltage,V,10.607
1769778133.8791275,ADC1,0,servo_1,A,0.473
1769778133.9293559,ADC1,0,servo_1,A,0.43
1769778133.9799447,ADC1,1,servo_2,A,0.857
1769778134.0301428,ADC1,0,servo_1,A,2.467
1769778134.0807405,ADC1,0,servo_1,A,2.364
1769778134.1311922,ADC1,0,servo_1,A,0.94
1769778134.1813989,ADC1,0,servo_1,A,0.939
1769778134.231841,ADC1,1,servo_2,A,2.131
1769778134.282327,THERM,0,motor_temp,C,33.809
1769778134.33281,ADC2,0,bus_voltage,V,12.137
1769778134.383413,ADC1,1,servo_2,A,0.896
1769778134.433791,THERM,0,motor_temp,C,47.193
1769778134.484135,ADC1,0,servo_1,A,2.343
1769778134.5344627,ADC2,0,bus_voltage,V,12.383
1769778134.584698,ADC2,0,bus_voltage,V,11.01
1769778134.6352859,THERM,0,motor_temp,C,56.895
1769778134.6854458,ADC2,0,bus_voltage,V,10.106
1769778134.7358024,ADC1,0,servo_1,A,1.564
1769778134.786374,THERM,0,motor_temp,C,48.697
1769778134.8368165,ADC1,0,servo_1,A,0.974
1769778134.8874273,ADC1,0,servo_1,A,0.998
1769778134.937721,ADC1,0,servo_1,A,0.564
1769778134.988036,THERM,0,motor_temp,C,31.149
1769778135.0385165,ADC1,1,servo_2,A,1.519
1769778135.0890508,ADC1,1,servo_2,A,0.202
1769778135.1393032,ADC1,1,servo_2,A,0.3
1769778135.189607,ADC2,0,bus_voltage,V,10.475
1769778135.2401595,ADC1,0,servo_1,A,0.201
1769778135.2907884,ADC1,0,servo_1,A,0.819
1769778135.341048,ADC1,0,servo_1,A,0.625
1769778135.3916905,ADC1,1,servo_2,A,0.563
1769778135.4420576,ADC2,0,bus_voltage,V,12.48
1769778135.4926198,ADC1,1,servo_2,A,0.908
1769778135.5432363,ADC2,0,bus_voltage,V,10.22
1769778135.5938087,ADC1,1,servo_2,A,1.741
1769778135.6443677,THERM,0,motor_temp,C,27.687
1769778135.6949162,ADC2,0,bus_voltage,V,11.225
1769778135.7452765,ADC1,0,servo_1,A,0.277
1769778135.7957022,ADC2,0,bus_voltage,V,10.345
1769778135.846347,ADC1,1,servo_2,A,1.874
1769778135.8967254,ADC1,1,servo_2,A,1.018
1769778135.94743,ADC1,1,servo_2,A,0.834
1769778135.997988,ADC1,0,servo_1,A,1.918
1769778136.048655,ADC1,1,servo_2,A,1.101
1769778136.09955,ADC1,1,servo_2,A,1.797
1769778136.1498842,ADC2,0,bus_voltage,V,12.57
1769778136.200216,ADC2,0,bus_voltage,V,12.289
1769778136.2505395,ADC1,1,servo_2,A,0.515
1769778136.3007138,ADC1,1,servo_2,A,2.374
1769778136.351154,ADC2,0,bus_voltage,V,12.588
1769778136.4015179,ADC2,0,bus_voltage,V,11.854
1769778136.4517941,ADC2,0,bus_voltage,V,11.452
1769778136.5021122,ADC1,1,servo_2,A,0.269
1769778136.552844,THERM,0,motor_temp,C,43.634
1769778136.6032505,THERM,0,motor_temp,C,55.26
1769778136.6539161,ADC2,0,bus_voltage,V,10.716
1769778136.7044868,ADC2,0,bus_voltage,V,10.931
1769778136.7547667,ADC1,0,servo_1,A,2.452
1769778136.8051713,ADC1,0,servo_1,A,1.232
1769778136.8555603,THERM,0,motor_temp,C,27.941
1769778136.905828,ADC1,1,servo_2,A,0.408
1769778136.956282,ADC2,0,bus_voltage,V,10.142
1769778137.0069127,THERM,0,motor_temp,C,30.403
1769778137.0574834,THERM,0,motor_temp,C,33.658
1769778137.1078162,ADC1,1,servo_2,A,0.351
1769778137.1579945,THERM,0,motor_temp,C,55.111
1769778137.208202,THERM,0,motor_temp,C,38.772
1769778137.258557,ADC1,0,servo_1,A,1.946
1769778137.3090336,ADC1,1,servo_2,A,0.218
1769778137.3595746,ADC2,0,bus_voltage,V,10.956
1769778137.4103868,ADC1,0,servo_1,A,1.529
1769778137.4609554,ADC1,1,servo_2,A,2.091
1769778137.5113826,THERM,0,motor_temp,C,54.14
1769778137.5618114,THERM,0,motor_temp,C,40.391
1769778137.6120062,ADC2,0,bus_voltage,V,12.24
1769778137.662232,ADC1,0,servo_1,A,0.555
1769778137.71269,THERM,0,motor_temp,C,57.931
1769778137.7630894,ADC2,0,bus_voltage,V,12.38
1769778137.813547,ADC1,1,servo_2,A,1.359
1769778137.8639045,ADC1,1,servo_2,A,0.246
1769778137.9143264,ADC2,0,bus_voltage,V,10.402
1769778137.9645152,ADC1,0,servo_1,A,0.413
1769778138.0150867,ADC2,0,bus_voltage,V,11.52
1769778138.0656574,ADC1,0,servo_1,A,0.775
1769778138.1161377,ADC2,0,bus_voltage,V,12.327
1769778138.1665845,ADC2,0,bus_voltage,V,11.518
1769778138.217076,THERM,0,motor_temp,C,31.685
1769778138.2678814,THERM,0,motor_temp,C,57.068
1769778138.3182428,THERM,0,motor_temp,C,31.86
1769778138.3685596,THERM,0,motor_temp,C,69.718
1769778138.4189568,ADC2,0,bus_voltage,V,10.699
1769778138.4693344,THERM,0,motor_temp,C,35.523
1769778138.5197809,THERM,0,motor_temp,C,65.74
1769778138.5703986,THERM,0,motor_temp,C,44.279
1769778138.620928,ADC1,1,servo_2,A,2.143
1769778138.6714108,ADC1,0,servo_1,A,2.416
1769778138.7216961,ADC2,0,bus_voltage,V,10.277
1769778138.7721536,ADC1,0,servo_1,A,1.439
1769778138.8226957,ADC1,1,servo_2,A,1.803
1769778138.8730006,ADC2,0,bus_voltage,V,10.975
1769778138.9233484,ADC1,0,servo_1,A,1.898
1769778138.9737937,THERM,0,motor_temp,C,46.21
1769778139.02448,THERM,0,motor_temp,C,49.128
1769778139.0748887,ADC1,1,servo_2,A,1.331
1769778139.1251123,ADC2,0,bus_voltage,V,10.826
1769778139.1755567,THERM,0,motor_temp,C,62.636
1769778139.2259202,ADC1,0,servo_1,A,2.487
1769778139.2763455,ADC1,1,servo_2,A,0.958
1769778139.3270197,THERM,0,motor_temp,C,60.953
1769778139.377613,ADC2,0,bus_voltage,V,10.203
1769778139.4280183,THERM,0,motor_temp,C,26.661
1769778139.4785123,ADC1,1,servo_2,A,1.151
1769778139.5293515,ADC1,0,servo_1,A,1.325
1769778139.5798767,ADC1,0,servo_1,A,2.492
1769778139.6303744,ADC2,0,bus_voltage,V,11.69
1769778139.6808481,ADC2,0,bus_voltage,V,12.154
1769778139.7311656,ADC2,0,bus_voltage,V,11.251
1769778139.7818959,ADC1,1,servo_2,A,1.896
1769778139.8324409,ADC2,0,bus_voltage,V,10.344
1769778139.8828857,ADC1,0,servo_1,A,0.506
1769778139.9333293,ADC2,0,bus_voltage,V,10.311
1769778139.9838707,ADC1,1,servo_2,A,1.075
1769778140.0341504,THERM,0,motor_temp,C,51.803
1769778140.0846624,ADC1,0,servo_1,A,2.321
1769778140.1352477,ADC1,1,servo_2,A,0.279
1769778140.1856208,ADC1,1,servo_2,A,0.935
1769778140.2359324,ADC1,0,servo_1,A,2.058
1769778140.2866356,ADC1,1,servo_2,A,0.858
1769778140.3371868,THERM,0,motor_temp,C,47.437
1769778140.387733,THERM,0,motor_temp,C,65.459
1769778140.438419,ADC1,0,servo_1,A,1.427
1769778140.4889228,ADC1,1,servo_2,A,0.643
1769778140.5393567,ADC1,0,servo_1,A,2.17
1769778140.5897884,ADC1,0,servo_1,A,1.906
1769778140.6402974,THERM,0,motor_temp,C,66.55
1769778140.690655,ADC2,0,bus_voltage,V,11.144
1769778140.7412844,THERM,0,motor_temp,C,31.978
1769778140.7914884,ADC1,1,servo_2,A,0.53
1769778140.842109,ADC2,0,bus_voltage,V,10.841
1769778140.8928826,THERM,0,motor_temp,C,55.233
1769778140.9432268,ADC1,0,servo_1,A,0.863
1769778140.9937344,THERM,0,motor_temp,C,39.446
1769778141.044201,ADC1,0,servo_1,A,0.845
1769778141.0944495,ADC1,1,servo_2,A,2.452
1769778141.1447756,THERM,0,motor_temp,C,48.43
1769778141.1949883,THERM,0,motor_temp,C,26.353
1769778141.2455034,ADC2,0,bus_voltage,V,10.553
1769778141.2959802,THERM,0,motor_temp,C,35.774
1769778141.3463948,ADC1,0,servo_1,A,0.559
1769778141.3969667,ADC1,1,servo_2,A,0.392
1769778141.4471917,THERM,0,motor_temp,C,42.459
1769778141.4974172,ADC2,0,bus_voltage,V,10.826
1769778141.548041,ADC1,1,servo_2,A,0.533
1769778141.598681,ADC2,0,bus_voltage,V,10.163
1769778141.6493793,ADC1,0,servo_1,A,1.48
1769778141.700246,ADC2,0,bus_voltage,V,10.924
1769778141.7507205,ADC1,1,servo_2,A,0.776
1769778141.8012004,THERM,0,motor_temp,C,36.594
1769778141.8519735,ADC1,1,servo_2,A,2.114
1769778141.9026585,ADC1,0,servo_1,A,0.539
1769778141.9533436,ADC2,0,bus_voltage,V,11.831
1769778142.0038686,ADC1,1,servo_2,A,0.817
1769778142.054261,ADC2,0,bus_voltage,V,10.246
1769778142.1047018,ADC1,1,servo_2,A,1.621
1769778142.1553915,ADC2,0,bus_voltage,V,10.45
1769778142.2059085,ADC1,0,servo_1,A,1.358
1769778142.2561665,ADC1,1,servo_2,A,0.946
1769778142.306438,ADC1,1,servo_2,A,1.0
1769778142.3568494,ADC2,0,bus_voltage,V,11.367
1769778142.4075408,ADC2,0,bus_voltage,V,11.064
1769778142.4578476,ADC1,1,servo_2,A,2.379
1769778142.5085833,ADC1,1,servo_2,A,1.192
1769778142.559296,ADC2,0,bus_voltage,V,11.434
1769778142.6101837,ADC2,0,bus_voltage,V,10.563
1769778142.6604018,ADC2,0,bus_voltage,V,10.132
1769778142.7107441,ADC1,1,servo_2,A,1.081
1769778142.7610328,ADC1,0,servo_1,A,1.986
1769778142.8112428,ADC1,1,servo_2,A,1.516
1769778142.8616636,THERM,0,motor_temp,C,60.056
1769778142.9119167,ADC1,1,servo_2,A,1.824
1769778142.9624956,THERM,0,motor_temp,C,34.118
1769778143.0130355,THERM,0,motor_temp,C,31.173
1769778143.0634892,ADC1,0,servo_1,A,2.29
1769778143.1138043,ADC1,0,servo_1,A,2.483
1769778143.1642282,ADC1,0,servo_1,A,2.5
1769778143.2149017,ADC2,0,bus_voltage,V,12.032
1769778143.2656193,ADC1,0,servo_1,A,1.677
1769778143.3161645,ADC2,0,bus_voltage,V,11.333
1769778143.3665438,ADC1,1,servo_2,A,2.09
1769778143.4171362,THERM,0,motor_temp,C,41.719
1769778143.4675224,ADC2,0,bus_voltage,V,12.595
1769778143.5179088,ADC1,0,servo_1,A,0.411
1769778143.5682592,ADC1,1,servo_2,A,0.532
1769778143.618779,ADC1,0,servo_1,A,1.836
1769778143.6693194,THERM,0,motor_temp,C,62.377
1769778143.7200506,ADC1,0,servo_1,A,2.173
1769778143.7704585,ADC1,1,servo_2,A,0.231
1769778143.8209531,THERM,0,motor_temp,C,33.345
1769778143.871597,ADC1,1,servo_2,A,1.217
1769778143.9221356,THERM,0,motor_temp,C,49.234
1769778143.972411,ADC1,1,servo_2,A,1.295
1769778144.0229921,THERM,0,motor_temp,C,53.338
1769778144.0732675,ADC1,0,servo_1,A,1.695
1769778144.1238253,ADC2,0,bus_voltage,V,10.818
1769778144.1743917,ADC1,1,servo_2,A,0.52
1769778144.2248988,ADC1,0,servo_1,A,1.301
1769778144.2753522,ADC1,1,servo_2,A,1.877
1769778144.3258672,ADC2,0,bus_voltage,V,12.267
1769778144.3761606,THERM,0,motor_temp,C,38.324
1769778144.4267735,ADC1,1,servo_2,A,0.967
1769778144.4771488,ADC1,0,servo_1,A,0.998
1769778144.5277488,ADC2,0,bus_voltage,V,11.906
1769778144.578213,ADC1,1,servo_2,A,2.259
1769778144.6286387,ADC1,0,servo_1,A,1.214
1769778144.6793067,ADC2,0,bus_voltage,V,10.291
1769778144.729699,THERM,0,motor_temp,C,57.516
1769778144.780308,ADC1,1,servo_2,A,1.29
1769778144.8305588,ADC2,0,bus_voltage,V,11.253
1769778144.8812356,THERM,0,motor_temp,C,58.672
1769778144.9317257,ADC2,0,bus_voltage,V,10.866
1769778144.982223,ADC1,1,servo_2,A,0.48
1769778145.032561,ADC1,0,servo_1,A,1.518
1769778145.0831378,ADC2,0,bus_voltage,V,10.617
1769778145.133916,THERM,0,motor_temp,C,54.215
1769778145.1844685,THERM,0,motor_temp,C,55.099
1769778145.2349582,ADC1,1,servo_2,A,0.977
1769778145.2856276,ADC1,1,servo_2,A,2.078
1769778145.3361938,THERM,0,motor_temp,C,45.205
1769778145.3865824,THERM,0,motor_temp,C,48.782
1769778145.4369946,ADC2,0,bus_voltage,V,11.248
1769778145.487226,ADC2,0,bus_voltage,V,12.385
1769778145.5376983,ADC1,1,servo_2,A,2.206
1769778145.5880163,ADC2,0,bus_voltage,V,11.236
1769778145.6383631,ADC1,1,servo_2,A,1.812
1769778145.6887896,ADC1,0,servo_1,A,0.862
1769778145.7393208,ADC1,0,servo_1,A,2.347
1769778145.7900736,ADC1,1,servo_2,A,0.943
1769778145.8404357,THERM,0,motor_temp,C,60.566
1769778145.890719,ADC1,0,servo_1,A,2.386
1769778145.94107,ADC2,0,bus_voltage,V,10.736
1769778145.9918654,ADC1,1,servo_2,A,1.961
1769778146.0421844,THERM,0,motor_temp,C,46.407
1769778146.092765,ADC1,0,servo_1,A,1.656
1769778146.1429837,ADC1,0,servo_1,A,1.806
1769778146.1932726,ADC2,0,bus_voltage,V,10.733
1769778146.243833,ADC1,1,servo_2,A,2.009
1769778146.2941666,ADC1,0,servo_1,A,0.474
1769778146.344658,ADC1,0,servo_1,A,0.293
1769778146.39491,ADC2,0,bus_voltage,V,10.213
1769778146.445224,ADC1,0,servo_1,A,0.45
1769778146.4956756,ADC1,0,servo_1,A,0.587
1769778146.546274,THERM,0,motor_temp,C,64.683
1769778146.5967321,THERM,0,motor_temp,C,50.993
1769778146.6470428,ADC2,0,bus_voltage,V,11.038
1769778146.6973162,ADC1,0,servo_1,A,0.901
1769778146.7477012,ADC2,0,bus_voltage,V,12.509
1769778146.7982662,ADC2,0,bus_voltage,V,11.443
1769778146.8485332,THERM,0,motor_temp,C,50.416
1769778146.8990452,THERM,0,motor_temp,C,59.995
1769778146.9496782,THERM,0,motor_temp,C,47.542
1769778147.000202,ADC2,0,bus_voltage,V,11.89
1769778147.050524,ADC1,0,servo_1,A,1.999
1769778147.100951,ADC2,0,bus_voltage,V,10.062
1769778147.1515043,ADC2,0,bus_voltage,V,11.698
1769778147.2019665,ADC1,1,servo_2,A,1.817
1769778147.2522922,ADC2,0,bus_voltage,V,10.856
1769778147.3028493,ADC1,1,servo_2,A,0.592
1769778147.3535104,THERM,0,motor_temp,C,54.453
1769778147.4040418,ADC2,0,bus_voltage,V,10.573
1769778147.4546866,ADC1,0,servo_1,A,0.966
1769778147.5051775,ADC1,1,servo_2,A,1.92
1769778147.5556276,ADC2,0,bus_voltage,V,10.681
1769778147.6061006,THERM,0,motor_temp,C,31.964
1769778147.6565819,ADC2,0,bus_voltage,V,11.316
1769778147.7071915,THERM,0,motor_temp,C,33.285
1769778147.757956,ADC1,0,servo_1,A,1.237
1769778147.8085878,ADC1,1,servo_2,A,0.337
1769778147.8589864,ADC1,0,servo_1,A,0.281
1769778147.9092255,ADC2,0,bus_voltage,V,10.227
1769778147.9595187,ADC1,0,servo_1,A,0.833
1769778148.0101748,ADC2,0,bus_voltage,V,10.926
1769778148.0608885,ADC2,0,bus_voltage,V,12.091
1769778148.1112301,THERM,0,motor_temp,C,64.102
1769778148.1619148,ADC2,0,bus_voltage,V,12.471
1769778148.2125607,ADC1,0,servo_1,A,1.746
1769778148.2631822,THERM,0,motor_temp,C,31.914
1769778148.3138695,ADC2,0,bus_voltage,V,12.453
1769778148.364296,ADC1,1,servo_2,A,0.821
1769778148.4148607,ADC2,0,bus_voltage,V,10.04
1769778148.4653435,ADC1,1,servo_2,A,0.956
1769778148.5158615,ADC2,0,bus_voltage,V,11.391
1769778148.5660477,ADC1,0,servo_1,A,0.954
1769778148.6165547,ADC1,1,servo_2,A,0.663
1769778148.666998,ADC1,0,servo_1,A,1.665
1769778148.7172656,ADC2,0,bus_voltage,V,11.641
1769778148.767654,ADC1,1,servo_2,A,1.864
1769778148.8178835,ADC1,0,servo_1,A,0.909
1769778148.8685222,THERM,0,motor_temp,C,52.289
1769778148.9190722,THERM,0,motor_temp,C,48.717
1769778148.9696712,ADC1,1,servo_2,A,1.139
1769778149.0203736,ADC1,0,servo_1,A,2.095
1769778149.071282,THERM,0,motor_temp,C,52.639
1769778149.1216009,ADC1,1,servo_2,A,1.672
1769778149.1723087,ADC1,0,servo_1,A,1.87
1769778149.222557,THERM,0,motor_temp,C,65.326
1769778149.2728553,ADC1,0,servo_1,A,0.755
1769778149.3234296,ADC2,0,bus_voltage,V,11.254
1769778149.3738763,THERM,0,motor_temp,C,38.916
1769778149.4241958,ADC2,0,bus_voltage,V,12.306
1769778149.4744253,THERM,0,motor_temp,C,55.349
1769778149.5250316,ADC1,0,servo_1,A,1.148
1769778149.5757005,ADC2,0,bus_voltage,V,12.494
1769778149.6262517,ADC1,1,servo_2,A,0.945
1769778149.6766148,ADC1,1,servo_2,A,1.534
1769778149.7271776,ADC2,0,bus_voltage,V,10.702
1769778149.7775874,ADC2,0,bus_voltage,V,11.144
1769778149.828087,ADC1,1,servo_2,A,0.873
1769778149.8787308,THERM,0,motor_temp,C,65.532
1769778149.9293678,ADC1,0,servo_1,A,1.005
1769778149.9797719,ADC2,0,bus_voltage,V,11.455
1769778150.0303168,THERM,0,motor_temp,C,46.043
1769778150.0806088,THERM,0,motor_temp,C,69.614
1769778150.131126,ADC1,0,servo_1,A,1.078
1769778150.1815104,ADC1,1,servo_2,A,2.087
1769778150.2317948,THERM,0,motor_temp,C,45.646
1769778150.282019,THERM,0,motor_temp,C,57.694
1769778150.332427,ADC1,1,servo_2,A,0.858
1769778150.3828363,THERM,0,motor_temp,C,58.131
1769778150.4335063,ADC1,0,servo_1,A,2.033
1769778150.4841995,THERM,0,motor_temp,C,65.178
1769778150.5346813,THERM,0,motor_temp,C,66.565
1769778150.5850494,ADC1,0,servo_1,A,1.617
1769778150.6356106,ADC1,0,servo_1,A,0.831
1769778150.6859124,THERM,0,motor_temp,C,28.232
1769778150.736491,THERM,0,motor_temp,C,69.497
1769778150.7867935,THERM,0,motor_temp,C,63.047
1769778150.83721,ADC1,0,servo_1,A,2.26
1769778150.8876598,ADC1,0,servo_1,A,1.066
1769778150.9383054,ADC1,1,servo_2,A,1.089
1769778150.988616,THERM,0,motor_temp,C,54.753
1769778151.0390608,ADC1,0,servo_1,A,0.993
1769778151.0894506,ADC1,0,servo_1,A,0.401
1769778151.139925,THERM,0,motor_temp,C,33.64
1769778151.1904817,ADC1,1,servo_2,A,1.731
1769778151.240792,ADC2,0,bus_voltage,V,10.467
1769778151.291143,ADC1,0,servo_1,A,1.257
1769778151.3415744,ADC1,1,servo_2,A,1.754
1769778151.3920841,ADC1,1,servo_2,A,2.235
1769778151.4424088,ADC2,0,bus_voltage,V,10.203
1769778151.493079,THERM,0,motor_temp,C,57.873
1769778151.5433154,ADC1,0,servo_1,A,2.371
1769778151.5938756,ADC1,0,servo_1,A,2.029
1769778151.6441147,ADC1,1,servo_2,A,1.611
1769778151.694938,ADC1,0,servo_1,A,0.599
1769778151.7455416,ADC2,0,bus_voltage,V,12.528
1769778151.795963,ADC2,0,bus_voltage,V,11.535
1769778151.8463404,ADC2,0,bus_voltage,V,12.118
1769778151.8968112,ADC1,1,servo_2,A,0.91
1769778151.9474094,ADC1,1,servo_2,A,1.803
1769778151.997632,ADC1,1,servo_2,A,1.377
1769778152.0479074,THERM,0,motor_temp,C,50.089
1769778152.0984557,ADC1,1,servo_2,A,2.494
1769778152.1491039,ADC1,1,servo_2,A,1.825
1769778152.1993399,ADC2,0,bus_voltage,V,10.689
1769778152.2498631,ADC2,0,bus_voltage,V,11.131
1769778152.3005707,ADC1,0,servo_1,A,2.217
1769778152.351198,ADC2,0,bus_voltage,V,12.581
1769778152.4014084,ADC1,1,servo_2,A,1.396
1769778152.4517033,THERM,0,motor_temp,C,54.194
1769778152.5023766,THERM,0,motor_temp,C,37.46
1769778152.5527909,ADC1,1,servo_2,A,0.376
1769778152.6030784,THERM,0,motor_temp,C,46.548
1769778152.6534002,ADC2,0,bus_voltage,V,10.33
1769778152.7037265,ADC1,0,servo_1,A,1.902
1769778152.7540853,THERM,0,motor_temp,C,41.125
1769778152.8046594,ADC1,0,servo_1,A,1.639
1769778152.8553023,THERM,0,motor_temp,C,41.538
1769778152.9055965,ADC2,0,bus_voltage,V,11.111
1769778152.9559224,ADC1,0,servo_1,A,1.915
1769778153.0062509,THERM,0,motor_temp,C,38.907
1769778153.056655,ADC1,0,servo_1,A,0.227
1769778153.1072645,ADC2,0,bus_voltage,V,12.2
1769778153.1577158,ADC2,0,bus_voltage,V,11.8
1769778153.2078965,ADC2,0,bus_voltage,V,10.169
1769778153.258254,ADC1,1,servo_2,A,1.198
1769778153.3087165,ADC2,0,bus_voltage,V,11.65
1769778153.3591855,ADC1,1,servo_2,A,1.708
1769778153.4097862,ADC2,0,bus_voltage,V,10.959
1769778153.460213,ADC1,1,servo_2,A,1.976
1769778153.510533,ADC2,0,bus_voltage,V,12.432
1769778153.5611112,ADC1,1,servo_2,A,2.0
1769778153.6115584,ADC1,1,servo_2,A,2.465
1769778153.661952,ADC2,0,bus_voltage,V,11.752
1769778153.712143,THERM,0,motor_temp,C,34.389
1769778153.7623808,THERM,0,motor_temp,C,39.082
1769778153.812875,ADC2,0,bus_voltage,V,10.679
1769778153.8633652,ADC2,0,bus_voltage,V,10.44
1769778153.9140022,ADC1,1,servo_2,A,1.575
1769778153.964421,ADC2,0,bus_voltage,V,11.477
1769778154.0149806,ADC1,0,servo_1,A,1.362
1769778154.0653071,THERM,0,motor_temp,C,34.697
1769778154.1157072,THERM,0,motor_temp,C,25.32
1769778154.1659782,THERM,0,motor_temp,C,52.647
1769778154.216595,ADC2,0,bus_voltage,V,10.938
1769778154.2668517,ADC1,0,servo_1,A,1.653
1769778154.317416,THERM,0,motor_temp,C,30.827
1769778154.3679283,THERM,0,motor_temp,C,31.061
1769778154.4183908,ADC1,0,servo_1,A,0.394
1769778154.4688203,ADC2,0,bus_voltage,V,10.853
1769778154.5193248,ADC2,0,bus_voltage,V,10.195
1769778154.569762,ADC1,0,servo_1,A,2.057
1769778154.6201823,THERM,0,motor_temp,C,35.14
1769778154.6709213,ADC2,0,bus_voltage,V,12.1
1769778154.7211978,ADC1,1,servo_2,A,1.608
1769778154.7716513,THERM,0,motor_temp,C,48.292
1769778154.8220654,ADC1,1,servo_2,A,1.501
1769778154.8723257,THERM,0,motor_temp,C,40.082
1769778154.9225194,THERM,0,motor_temp,C,52.487
1769778154.9730804,ADC1,1,servo_2,A,1.322
1769778155.0235837,ADC1,1,servo_2,A,1.692
1769778155.074128,ADC1,0,servo_1,A,0.801
1769778155.1250079,ADC1,0,servo_1,A,2.237
1769778155.1754727,ADC1,1,servo_2,A,2.178
1769778155.226092,ADC1,1,servo_2,A,2.45
1769778155.2765157,ADC1,0,servo_1,A,0.346
1769778155.3268178,ADC2,0,bus_voltage,V,12.056
1769778155.3772972,ADC2,0,bus_voltage,V,12.455
1769778155.4276352,ADC1,1,servo_2,A,1.165
1769778155.477967,ADC1,1,servo_2,A,1.644
1769778155.5284452,ADC1,1,servo_2,A,1.796
1769778155.5791311,ADC1,0,servo_1,A,0.869
1769778155.6297708,ADC1,1,servo_2,A,1.849
1769778155.6800094,ADC1,0,servo_1,A,1.311
1769778155.7301888,THERM,0,motor_temp,C,61.887
1769778155.7805772,ADC1,0,servo_1,A,1.368
1769778155.8308568,ADC1,0,servo_1,A,0.328
1769778155.8814087,THERM,0,motor_temp,C,49.847
1769778155.9318597,ADC2,0,bus_voltage,V,10.202
1769778155.9823234,ADC2,0,bus_voltage,V,11.042
1769778156.0329595,THERM,0,motor_temp,C,39.632
1769778156.083526,ADC1,1,servo_2,A,1.504
1769778156.1341062,THERM,0,motor_temp,C,62.306
1769778156.1843197,ADC1,0,servo_1,A,2.349
1769778156.2348566,THERM,0,motor_temp,C,48.737
1769778156.2853498,THERM,0,motor_temp,C,47.076
1769778156.335787,ADC2,0,bus_voltage,V,11.819
1769778156.3862116,ADC2,0,bus_voltage,V,10.911
